{
  "author": "Ayham Al-Ali",
  "name": "Sk-VSC",
  "semanticClass": "theme.dark.sk_VSC",
  "tokenColors": [
    {
      "name": "Global settings",
      "settings": {
        "background": "#292D3E",
        "foreground": "#A6ACCD"
      }
    },
    {
      "name": "comment.line.number-sign.skript",
      "scope": "comment.line.number-sign.skript",
      "settings": {
        "fontStyle": "italic",
        "foreground": "#4E5676"
      }
    },
    {
      "name": "comment.line.number-sign.important.skript",
      "scope": "comment.line.number-sign.important.skript",
      "settings": {
        "fontStyle": "italic",
        "foreground": "#DD5855"
        }
      },
      {
        "name": "comment.line.number-sign.important.two.skript",
        "scope": "comment.line.number-sign.important.two.skript",
        "settings": {
        "fontStyle": "italic",
        "foreground": "#5D8A3B"
        }
    },
    {
      "name": "",
      "scope": "keyword.section.skript",
      "settings": {
        "fontStyle": "bold",
        "foreground": "#E3E3E3",
        "background": ""
      }
    },
    {
      "name": "",
      "scope": "keyword.section.meta.skript",
      "settings": {
        "fontStyle": " italic",
        "foreground": "#DBDBDB"
      }
    },
    {
      "name": "keyword.operator.skript",
      "scope": "keyword.operator.skript",
      "settings": {
        "fontStyle": "",
        "foreground": "#BDFF4A"
      }
    },
    {
      "name": "keyword.control.skript",
      "scope": "keyword.control.skript",
      "settings": {
        "fontStyle": "bold italic",
        "foreground": "#D885FCD9"
      }
    },
    {
      "name": "string.quoted.double.skript",
      "scope": "string.quoted.double.skript",
      "settings": {
        "fontStyle": "",
        "foreground": "#C3E88D"
      }
    },
    {
      "name": "string.quoted.double.variable.skript",
      "scope": "string.quoted.double.variable.skript",
      "settings": {
        "fontStyle": "italic",
        "foreground": "#E5F8FF"
      }
    },
    {
      "name": "",
      "scope": "variable.other.skript",
      "settings": {
        "foreground": "#F8516D",
        "background": ""
      }
    },
    {
      "name": "",
      "scope": "variable.external.skript",
      "settings": {
        "foreground": "#FFF952",
        "fontStyle": " italic"
      }
    },
    {
      "name": "keyword.effect.skript",
      "scope": "keyword.effect.skript",
      "settings": {
        "foreground": "#EDEDED",
        "background": "",
        "fontStyle": " italic"
      }
    },
    {
      "name": "",
      "scope": "keyword.control.boolean.false",
      "settings": {
        "fontStyle": " bold   italic",
        "foreground": "#FF5555",
        "background": "#FF7A7A1F"
      }
    },
    {
      "name": "",
      "scope": "keyword.control.boolean.true",
      "settings": {
        "fontStyle": " bold italic",
        "foreground": "#55FF55",
        "background": "#66FF7A2B"
      }
    },
    {
      "name": "",
      "scope": "keyword.stop.skript",
      "settings": {
        "foreground": "#DD5855",
        "fontStyle": " italic ",
        "background": "#FF8C8C1F"
      }
    },
    {
      "name": "",
      "scope": "keyword.now.skript",
      "settings": {
        "foreground": "#F77669",
        "fontStyle": " italic  bold"
      }
    },
    {
      "name": "",
      "scope": "entity.playerobjects.skript",
      "settings": {
        "foreground": "#F9FF8F",
        "fontStyle": " italic bold"
      }
    },
    {
      "name": "",
      "scope": "keywork.operator.borders.skript",
      "settings": {
        "foreground": "#2BDFFF",
        "fontStyle": " italic"
      }
    },
    {
      "name": "",
      "scope": "keyword.expressions.skript",
      "settings": {
        "foreground": "#EDEDED",
        "fontStyle": " italic"
      }
    },
    {
      "name": "",
      "scope": "keyword.control.others.skript",
      "settings": {
        "foreground": "#BA6DE3D9"
      }
    },
    {
      "name": "",
      "scope": "keyword.commandargs.skript",
      "settings": {
        "foreground": "#FFBC2B"
      }
    },
    {
      "name": "",
      "scope": "keyword.arguments.skript",
      "settings": {
        "foreground": "#FFFFFF"
      }
    },
    {
      "name": "",
      "scope": "meta.everything.skript",
      "settings": {
        "foreground": "#D6D6D6DB"
      }
    },
    {
      "name": "",
      "scope": "variable.parameter.skript",
      "settings": {
        "foreground": "#F8516D",
        "fontStyle": " italic "
      }
    },
    {
      "name": "",
      "scope": "variable.string.skript",
      "settings": {
        "foreground": "#FFFFFF"
      }
    },
    {
      "name": "",
      "scope": "keyword.glowing.skript",
      "settings": {
        "fontStyle": " bold ",
        "foreground": "#FFF942EB",
        "background": "#FFFF3317"
      }
    },
    {
      "name": "",
      "scope": "keyword.time.skript",
      "settings": {
        "foreground": "#FFFFFF",
        "fontStyle": " italic bold"
      }
    },
    {
      "name": "",
      "scope": "keyword.gui.skript",
      "settings": {
        "foreground": "#4596FFEB"
      }
    },
    {
      "name": "",
      "scope": "keyword.addon.skriptmirror.method.skript",
      "settings": {
        "foreground": "#E3E3E3",
        "fontStyle": " italic"
      }
    },
    {
      "name": "",
      "scope": "keyword.addon.skriptmirror.effects.skript",
      "settings": {
        "foreground": "#FF3838F0",
        "fontStyle": " italic bold"
      }
    },
    {
      "name": "",
      "scope": "keyword.inventory.expression.skript",
      "settings": {
        "foreground": "#DB8CFF",
        "fontStyle": " bold italic"
      }
    },
    {
      "name": "",
      "scope": "string.quoted.double.newline.skript",
      "settings": {
        "foreground": "#FF3D3D",
        "fontStyle": " bold  "
      }
    },
    {
      "name": "",
      "scope": "skript.text.colors",
      "settings": {
        "fontStyle": " italic",
        "foreground": "#FFFFFF"
      }
    },
    {
      "name": "",
      "scope": "string.quoted.double.options.skript",
      "settings": {
        "foreground": "#FFFFFF",
        "fontStyle": " italic bold"
      }
    },
    {
      "name": "",
      "scope": "keyword.command.skript",
      "settings": {
        "foreground": "#FFFFFF",
        "fontStyle": " bold italic"
      }
    },
    {
      "name": "",
      "scope": "keyword.options.skript",
      "settings": {
        "fontStyle": " bold italic",
        "foreground": "#F0F0F0"
      }
    },
    {
      "name": "skript.color.0",
      "scope": "skript.color.0",
      "settings": {
        "foreground": "#4D4D4D"
      }
    },
    {
      "name": "skript.color.1",
      "scope": "skript.color.1",
      "settings": {
        "foreground": "#2B44FF"
      }
    },
    {
      "name": "skript.color.2",
      "scope": "skript.color.2",
      "settings": {
        "foreground": "#00B020"
      }
    },
    {
      "name": "skript.color.3",
      "scope": "skript.color.3",
      "settings": {
        "foreground": "#009C97"
      }
    },
    {
      "name": "skript.color.4",
      "scope": "skript.color.4",
      "settings": {
        "foreground": "#AD0000"
      }
    },
    {
      "name": "skript.color.5",
      "scope": "skript.color.5",
      "settings": {
        "foreground": "#E600B8"
      }
    },
    {
      "name": "skript.color.6",
      "scope": "skript.color.6",
      "settings": {
        "foreground": "#FF9D0A"
      }
    },
    {
      "name": "skript.color.7",
      "scope": "skript.color.7",
      "settings": {
        "foreground": "#A6A6A6"
      }
    },
    {
      "name": "skript.color.8",
      "scope": "skript.color.8",
      "settings": {
        "foreground": "#666666"
      }
    },
    {
      "name": "skript.color.9",
      "scope": "skript.color.9",
      "settings": {
        "foreground": "#0077FFE6"
      }
    },
    {
      "name": "skript.color.a",
      "scope": "skript.color.a",
      "settings": {
        "foreground": "#51FF00"
      }
    },
    {
      "name": "skript.color.b",
      "scope": "skript.color.b",
      "settings": {
        "foreground": "#00FFFF"
      }
    },
    {
      "name": "skript.color.c",
      "scope": "skript.color.c",
      "settings": {
        "foreground": "#FF4747"
      }
    },
    {
      "name": "skript.color.d",
      "scope": "skript.color.d",
      "settings": {
        "foreground": "#FF3686"
      }
    },
    {
      "name": "skript.color.e",
      "scope": "skript.color.e",
      "settings": {
        "foreground": "#FFF530"
      }
    },
    {
      "name": "skript.color.f",
      "scope": "skript.color.f",
      "settings": {
        "foreground": "#FFFFFFE6"
      }
    },
    {
      "name": "skript.color.m",
      "scope": "skript.color.m",
      "settings": {
        "fontStyle": " italic",
        "foreground": "#FFFFFF"
      }
    },
    {
      "name": "skript.color.n",
      "scope": "skript.color.n",
      "settings": {
        "fontStyle": "  underline",
        "foreground": "#FFFFFF"
      }
    },
    {
      "name": "skript.color.l",
      "scope": "skript.color.l",
      "settings": {
        "fontStyle": " bold",
        "foreground": "#FFFFFF"
      }
    },
    {
      "name": "skript.color.o",
      "scope": "skript.color.o",
      "settings": {
        "fontStyle": " italic",
        "foreground": "#FFFFFF"
      }
    },
    {
      "name": "skript.color.k",
      "scope": "skript.color.k",
      "settings": {
        "fontStyle": " bold italic",
        "foreground": "#FFFFFF"
      }
    },
    {
      "name": "skript.color.r",
      "scope": "skript.color.r",
      "settings": {
        "foreground": "#FFFFFF"
      }
    },
    {
      "name": "",
      "scope": "keyword.types.skript",
      "settings": {
        "foreground": "#FFBC2B"
      }
    },
    {
      "name": "",
      "scope": "keyword.loopobjects.skript",
      "settings": {
        "foreground": "#FFC94C"
      }
    }
  ],
  "colors": {
    "focusBorder": "#FFFFFF00",
    "foreground": "#A6ACCD",
    "button.background": "#717CB450",
    "button.foreground": "#ffffff",
    "dropdown.background": "#292D3E",
    "input.background": "#333747",
    "inputOption.activeBorder": "#A6ACCD30",
    "list.activeSelectionBackground": "#1B1E2B",
    "list.activeSelectionForeground": "#80CBC4",
    "list.dropBackground": "#f0717880",
    "list.focusBackground": "#A6ACCD20",
    "list.focusForeground": "#A6ACCD",
    "list.highlightForeground": "#80CBC4",
    "list.hoverBackground": "#1B1E2B",
    "list.inactiveSelectionBackground": "#00000030",
    "activityBar.background": "#1B1E2B",
    "activityBar.dropBackground": "#f0717880",
    "activityBarBadge.background": "#80CBC4",
    "activityBarBadge.foreground": "#000000",
    "badge.background": "#00000030",
    "badge.foreground": "#676E95",
    "sideBar.background": "#1B1E2B",
    "sideBarSectionHeader.background": "#1B1E2B",
    "editorGroup.dropBackground": "#f0717880",
    "editorGroup.focusedEmptyBorder": "#f07178",
    "editorGroupHeader.tabsBackground": "#292D3E",
    "tab.border": "#292D3E",
    "tab.activeBorder": "#80CBC4",
    "tab.inactiveBackground": "#292D3E",
    "tab.activeModifiedBorder": "#757CA1",
    "tab.inactiveModifiedBorder": "#904348",
    "tab.unfocusedActiveModifiedBorder": "#c05a60",
    "tab.unfocusedInactiveModifiedBorder": "#904348",
    "editor.background": "#292D3E",
    "editor.foreground": "#A6ACCD",
    "editorLineNumber.foreground": "#3A3F58",
    "editorLineNumber.activeForeground": "#757CA1",
    "editorCursor.foreground": "#FFCC00",
    "editor.selectionBackground": "#717CB450",
    "editor.selectionHighlightBackground": "#FFCC0020",
    "editor.wordHighlightBackground": "#ff9cac30",
    "editor.wordHighlightStrongBackground": "#C3E88D30",
    "editor.findMatchHighlight": "#A6ACCD",
    "editor.findRangeHighlightBackground": "#FFCB6B30",
    "editor.lineHighlightBorder": "#00000000",
    "editor.rangeHighlightBackground": "#FFFFFF0d",
    "editorWhitespace.foreground": "#A6ACCD40",
    "editorWidget.background": "#1B1E2B",
    "editorHoverWidget.background": "#292D3E",
    "editorMarkerNavigation.background": "#A6ACCD05",
    "peekView.border": "#00000030",
    "peekViewEditor.background": "#A6ACCD05",
    "peekViewResult.background": "#A6ACCD05",
    "peekViewTitle.background": "#A6ACCD05",
    "panel.background": "#1B1E2B",
    "panel.border": "#00000060",
    "panelTitle.activeBorder": "#80CBC4",
    "panelTitle.inactiveForeground": "#A6ACCD",
    "statusBar.background": "#1B1E2B",
    "statusBar.debuggingBackground": "#C792EA",
    "statusBar.debuggingForeground": "#ffffff",
    "statusBar.noFolderBackground": "#292D3E",
    "statusBarItem.activeBackground": "#f0717880",
    "statusBarItem.hoverBackground": "#676E9520",
    "statusBarItem.remoteBackground": "#80CBC4",
    "statusBarItem.remoteForeground": "#000000",
    "titleBar.activeBackground": "#1B1E2B",
    "pickerGroup.border": "#FFFFFF1a",
    "terminal.ansiBlack": "#000000",
    "terminal.ansiBlue": "#82AAFF",
    "terminal.ansiBrightBlack": "#676E95",
    "terminal.ansiBrightBlue": "#82AAFF",
    "terminal.ansiBrightCyan": "#89DDFF",
    "terminal.ansiBrightGreen": "#C3E88D",
    "terminal.ansiBrightMagenta": "#C792EA",
    "terminal.ansiBrightRed": "#f07178",
    "terminal.ansiBrightWhite": "#ffffff",
    "terminal.ansiBrightYellow": "#FFCB6B",
    "terminal.ansiCyan": "#89DDFF",
    "terminal.ansiGreen": "#C3E88D",
    "terminal.ansiMagenta": "#C792EA",
    "terminal.ansiRed": "#f07178",
    "terminal.ansiWhite": "#ffffff",
    "terminal.ansiYellow": "#FFCB6B",
    "debugToolBar.background": "#292D3E",
    "selection.background": "#00000060",
    "editorRuler.foreground": "#4E5579",
    "widget.shadow": "#00000030",
    "scrollbar.shadow": "#00000030",
    "editorLink.activeForeground": "#A6ACCD",
    "progressBar.background": "#80CBC4",
    "pickerGroup.foreground": "#80CBC4",
    "tree.indentGuidesStroke": "#4E5579",
    "terminalCursor.foreground": "#FFCB6B",
    "terminalCursor.background": "#000000",
    "inputOption.activeBackground": "#A6ACCD30",
    "textLink.foreground": "#80CBC4",
    "textLink.activeForeground": "#A6ACCD",
    "sideBar.foreground": "#757CA1",
    "sideBar.border": "#00000060",
    "sideBarTitle.foreground": "#A6ACCD",
    "sideBarSectionHeader.border": "#00000060",
    "panel.dropBackground": "#A6ACCD",
    "panelTitle.activeForeground": "#FFFFFF",
    "editor.lineHighlightBackground": "#00000050",
    "editor.findMatchBackground": "#000000",
    "editor.findMatchHighlightBackground": "#00000050",
    "editor.findMatchBorder": "#80CBC4",
    "editor.findMatchHighlightBorder": "#ffffff50",
    "editorIndentGuide.background": "#4E557970",
    "editorIndentGuide.activeBackground": "#4E5579",
    "editorGroup.border": "#00000030",
    "editorGutter.modifiedBackground": "#82AAFF60",
    "editorGutter.addedBackground": "#C3E88D60",
    "editorGutter.deletedBackground": "#f0717860",
    "activityBar.border": "#00000060",
    "activityBar.foreground": "#A6ACCD",
    "activityBar.activeBorder": "#80CBC4",
    "extensionBadge.remoteForeground": "#A6ACCD",
    "scrollbarSlider.background": "#A6ACCD20",
    "scrollbarSlider.hoverBackground": "#A6ACCD10",
    "scrollbarSlider.activeBackground": "#80CBC4",
    "tab.unfocusedActiveBorder": "#676E95",
    "tab.activeForeground": "#FFFFFF",
    "tab.inactiveForeground": "#757CA1",
    "tab.activeBackground": "#292D3E",
    "tab.unfocusedActiveForeground": "#A6ACCD",
    "editorWidget.resizeBorder": "#80CBC4",
    "editorWidget.border": "#80CBC4",
    "statusBar.border": "#00000060",
    "statusBar.foreground": "#676E95",
    "editorBracketMatch.border": "#FFCC0050",
    "editorBracketMatch.background": "#292D3E",
    "editorOverviewRuler.findMatchForeground": "#80CBC4",
    "editorOverviewRuler.border": "#292D3E",
    "editorOverviewRuler.errorForeground": "#f0717840",
    "editorOverviewRuler.infoForeground": "#82AAFF40",
    "editorOverviewRuler.warningForeground": "#FFCB6B40",
    "editorInfo.foreground": "#82AAFF70",
    "editorWarning.foreground": "#FFCB6B70",
    "editorError.foreground": "#f0717870",
    "editorHoverWidget.border": "#FFFFFF10",
    "titleBar.activeForeground": "#A6ACCD",
    "titleBar.inactiveBackground": "#1B1E2B",
    "titleBar.inactiveForeground": "#757CA1",
    "titleBar.border": "#00000060",
    "input.foreground": "#A6ACCD",
    "input.placeholderForeground": "#A6ACCD60",
    "input.border": "#FFFFFF10",
    "inputValidation.errorBorder": "#f0717850",
    "inputValidation.infoBorder": "#82AAFF50",
    "inputValidation.warningBorder": "#FFCB6B50",
    "dropdown.border": "#FFFFFF10",
    "list.hoverForeground": "#FFFFFF",
    "list.inactiveSelectionForeground": "#80CBC4",
    "editorSuggestWidget.background": "#292D3E",
    "editorSuggestWidget.foreground": "#A6ACCD",
    "editorSuggestWidget.highlightForeground": "#80CBC4",
    "editorSuggestWidget.selectedBackground": "#00000050",
    "editorSuggestWidget.border": "#FFFFFF10",
    "diffEditor.insertedTextBackground": "#89DDFF20",
    "diffEditor.removedTextBackground": "#ff9cac20",
    "notifications.background": "#292D3E",
    "notifications.foreground": "#A6ACCD",
    "notificationLink.foreground": "#80CBC4",
    "extensionButton.prominentBackground": "#C3E88D90",
    "extensionButton.prominentHoverBackground": "#C3E88D",
    "extensionButton.prominentForeground": "#000000",
    "peekViewEditorGutter.background": "#A6ACCD05",
    "peekViewTitleDescription.foreground": "#A6ACCD60",
    "peekViewResult.matchHighlightBackground": "#717CB450",
    "peekViewEditor.matchHighlightBackground": "#717CB450",
    "peekViewResult.selectionBackground": "#757CA170",
    "gitDecoration.deletedResourceForeground": "#f0717890",
    "gitDecoration.conflictingResourceForeground": "#FFCB6B90",
    "gitDecoration.modifiedResourceForeground": "#82AAFF90",
    "gitDecoration.untrackedResourceForeground": "#C3E88D90",
    "gitDecoration.ignoredResourceForeground": "#757CA190",
    "breadcrumb.background": "#292D3E",
    "breadcrumb.foreground": "#757CA1",
    "breadcrumb.focusForeground": "#A6ACCD",
    "breadcrumb.activeSelectionForeground": "#80CBC4",
    "breadcrumbPicker.background": "#1B1E2B",
    "menu.background": "#292D3E",
    "menu.foreground": "#A6ACCD",
    "menu.selectionBackground": "#00000050",
    "menu.selectionForeground": "#80CBC4",
    "menu.selectionBorder": "#00000030",
    "menu.separatorBackground": "#A6ACCD",
    "menubar.selectionBackground": "#00000030",
    "menubar.selectionForeground": "#80CBC4",
    "menubar.selectionBorder": "#00000030",
    "settings.dropdownForeground": "#A6ACCD",
    "settings.dropdownBackground": "#1B1E2B",
    "settings.numberInputForeground": "#A6ACCD",
    "settings.numberInputBackground": "#1B1E2B",
    "settings.textInputForeground": "#A6ACCD",
    "settings.textInputBackground": "#1B1E2B",
    "settings.headerForeground": "#80CBC4",
    "settings.modifiedItemIndicator": "#80CBC4",
    "settings.checkboxBackground": "#1B1E2B",
    "settings.checkboxForeground": "#A6ACCD",
    "listFilterWidget.background": "#00000030",
    "listFilterWidget.outline": "#00000030",
    "listFilterWidget.noMatchesOutline": "#00000030"
  },
  "uuid": "ADD7FDE7-C6BE-454B-A71A-7951ED54FB04",
  "colorSpaceName": "sRGB",
  "comment": "Fork of HYPExMon5ter's syntax highlighting"
}